{
    "WindowSize": [800, 450],

    "Source": {
        "Position": [0, -40, 0, "cm"],
        "Shape": "Parallel",
        "Beam": [
            {
                "Energy": 80,
                "Unit": "keV",
                "PhotonCount": 1000
            }
        ]
    },

    "Detector": {
        "Position": [0, 10, 0, "cm"],
        "UpVector": [0, 0, 1],
        "NumberOfPixels": [300, 320],
        "Spacing": [0.5, 0.5, "mm"],
        "LSF": [0.00110698, 0.00122599, 0.00136522, 0.00152954, 0.00172533, 0.00196116, 0.0022487, 0.00260419, 0.00305074, 0.00362216, 0.00436939, 0.00537209, 0.00676012, 0.0087564, 0.01176824, 0.01659933, 0.02499446, 0.04120158, 0.0767488, 0.15911699, 0.24774516, 0.15911699, 0.0767488, 0.04120158, 0.02499446, 0.01659933, 0.01176824, 0.0087564, 0.00676012, 0.00537209, 0.00436939, 0.00362216, 0.00305074, 0.00260419, 0.0022487, 0.00196116, 0.00172533, 0.00152954, 0.00136522, 0.00122599, 0.00110698]
    },

    "Samples": [
        {
            "Label": "Star",
            "Path": "input_data/phantoms/star.stl",
            "Unit": "mm",
            "Material": ["Element", "Al"],
            "Density": 2.7,
            "Transform": [
                ["Rotation", 90, 1, 0, 0]
            ]
        }
    ],
    "Scan": {
        "NumberOfProjections":360,
        "FinalAngle": 180,
        "CenterOfRotation": [0,0,0]
    }
}
